from,to
family tree,live music
crowdsource your health,public health
the toxic baby,sex
deaf in the military,military
what you don't know about marriage,relationships
where are the baby dinosaurs?,dinosaurs
the happy secret to better work,psychology
"globalizing the local, localizing the global",islam
everyday leadership,motivation
the moral dangers of non-lethal weapons,military
how your brain tells you where you are,brain
back to the future (of 1994),science
hooked by an octopus,submarine
let's bridge the digital divide!,global issues
the secret structure of great talks,communication
impossible photography,photography
"women entrepreneurs, example not exception",women in business
why i chose a gun,war
what happens inside those massive warehouses?,shopping
hedonistic sustainability,sustainability
treating cancer with electric fields,medical research
a primer on 3d printing,design
doctors make mistakes. can we talk about that?,public health
plant fuels that could power a jet,science
is there a real you?,self
the beautiful math behind the ugliest music,live music
the universal anesthesia machine,health care
how to make choosing easier,decision-making
why sopa is a bad idea,business
atheism 2.0,atheism
extreme swimming with the world's most dangerous jellyfish,extreme sports
the debut of the british paraorchestra,live music
meet the water canary,water
"radical women, embracing tradition",feminism
social experiments to fight poverty,third world
women of hope,poetry
three types of online attack,internet
"lies, damned lies and statistics (about tedtalks)",statistics
"homeopathy, quackery and fraud",culture
toward a science of simplicity,simplicity
why i'm rowing across the pacific,goal-setting
a choir as big as the internet,web
political change with pen and paper,social change
computing a theory of all knowledge,string theory
"thorium, an alternative nuclear fuel",alternative energy
"build a tower, build a team",psychology
glowing life in an underwater world,mission blue
bio-lab on a microchip,biology
how art gives shape to cultural change,race
the tradeoffs of building green,business
"sex, drugs and hiv -- let's get rational",health
photos that changed the world,global issues
singing old poems to life,poetry
what adults can learn from kids,education
every pollen grain has a story,botany
how to start a movement,online video
the danger of science denial,writing
why i do theater,theater
"and now, the real news",media
teaching one child at a time,poverty
how to combat modern slavery,trafficking
my seven species of robot,ai
we are the stories we tell ourselves,film
why we need to end the war on drugs,policy
"music is medicine, music is sanity",violin
the emotion behind invention,health care
how painting can transform communities,cities
what the social progress index can reveal about your country,statistics
why we need to go back to mars,planets
the fight to end rare-animal trafficking in brazil,brazil
the coming crisis in antibiotics,health
humble plants that hide surprising secrets,nature
let's simplify legal jargon!,simplicity
it¡¯s our city. let¡¯s fix it,cities
be an opportunity maker,business
what new power looks like,politics
"yes, i survived cancer. but that doesn't define me",health care
photos that give voice to the animal kingdom,animals
gaming can make a better world,play
a flying camera ... on a leash,robots
my architectural philosophy? bring the community into the process,architecture
how i defend the rule of law,law
science can answer moral questions,philosophy
should you donate differently?,global issues
medical miracle on everest,weather
"the leaders who ruined africa, and the generation who can fix it",entrepreneur
what do we do with all this big data?,data
"my father, locked in his body but soaring free",health
"a science award that makes you laugh, then think",science
"let¡¯s help refugees thrive, not just survive",poverty
the future of early cancer detection?,cancer
what i learned from spending 31 days underwater,submarine
one more reason to get a good night¡¯s sleep,brain
the simple power of hand-washing,public health
why privacy matters,government
the hidden force in global economics: sending money home,finance
how to upgrade democracy for the internet era,government
why thinking you're ugly is bad for you,life
why i take the piano on the road ¡¦ and in the air,piano
a neural portrait of the human mind,brain
new thoughts on capital in the twenty-first century,inequality
the career advice you probably didn¡¯t get,women in business
sanitation is a basic human right,public health
where to train the world's doctors? cuba.,public health
how to reinvent the apartment building,architecture
big data is better data,future
¡°am i dying?¡± the honest answer.,medicine
the courage to tell a hidden story,journalism
the state of the climate ? and what we might do about it,business
the magic of the amazon: a river that flows invisibly all around us,trees
what¡¯s next in 3d printing,technology
what makes us get sick? look upstream.,health
why a good book is a secret door,books
what's the next window into our universe?,astronomy
how not to be ignorant about the world,statistics
a park underneath the hustle and bustle of new york city,new york
i am the son of a terrorist. here's how i chose peace.,peace
how our stories cross over,parenting
wry photos that turn stereotypes upside down,art
why does the universe exist?,philosophy
how to grow a tiny forest anywhere,trees
how to live passionately?no matter your age,storytelling
"please, please, people. let's put the 'awe' back in 'awesome'",humor
don't like clickbait? don't click,social media
find your voice against gender violence,violence
"crop insurance, an idea worth seeding",microfinance
can we prevent the end of the world?,future
"everyday objects, tragic histories",photography
"depressed dogs, cats with ocd ? what animal madness means for us humans",ted fellows
why lunch ladies are heroes,children
"how i brought a river, and my city, back to life",architecture
a magna carta for the web,internet
the danger of silence,poetry
why ordinary people need to understand power,democracy
how prisons can help inmates live meaningful lives,prison
"beware, fellow plutocrats, the pitchforks are coming",economics
own your body's data,heart health
how animations can help scientists test a hypothesis,ted fellows
the dark secrets of a surveillance state,government
an ultra-low-cost college degree,open-source
"how giant websites design for you (and a billion others, too)",design
why i live in mortal dread of public speaking,speech
the best gift i ever survived,cancer
are you human?,comedy
the good news of the decade?,third world
tagging tuna in the deep ocean,mission blue
are mushrooms the new plastic?,plastic
bringing peace to the minds of afghanistan,mental health
i am my connectome,brain
the quantified self,health
shh! sound health in 8 steps,sound
how mr. condom made thailand a better place,global issues
why i am an hiv/aids activist,aids
mothers helping mothers fight hiv,africa
an economic reality check,poverty
hurdy-gurdy for beginners,singer
how social networks predict epidemics,society
where good ideas come from,innovation
the shape-shifting future of the mobile phone,telecom
keep your goals to yourself,goal-setting
discovering ancient climates in oceans and ice,mission blue
the child-driven education,third world
our natural sleep cycle,evolution
how pig parts make the world turn,product design
how web video powers global innovation,web
the technology of the heart,society
an independent diplomat,state-building
let the environment guide our development,climate change
the world's oldest living things,trees
the political chemistry of oil,oil
the happy planet index,tedbooks
the true power of the performing arts,performance
inside an antarctic time machine,climate change
why 30 is not the new 20,goal-setting
our failing schools. enough is enough!,education
art of substance and absence,visualizations
the empathic civilization,brain
what physics taught me about marketing,math
learn to read chinese ... with ease!,language
"my story, from gangland daughter to star teacher",education
¡°high school training ground¡±,education
the economic case for preschool,economics
how to escape education's death valley,education
the key to success? grit,success
every kid needs a champion,education
learning from sherman the shark,humor
true colors,live music
teachers need real feedback,culture
the silent drama of photography,photography
3 rules to spark learning,student
"if cars could talk, accidents might be avoidable",cars
the key to growth? race with the machines,business
"the death of innovation, the end of growth",innovation
got a meeting? take a walk,business
my journey to yo-yo mastery,toy
toward a new understanding of mental illness,mental health
"parkinson's, depression and the switch that might turn them off",brain
10 top time-saving tech tips,culture
let's talk crap. seriously.,water
the philosophical breakfast club,storytelling
"your online life, permanent as a tattoo",social media
health care should be a team sport,health care
txtng is killing language. jk!!!,culture
what makes us feel good about our work?,productivity
my radical plan for small nuclear fission reactors,youth
a mini robot -- powered by your phone,robots
4 pillars of college success in science,education
"watson, jeopardy and me, the obsolete know-it-all",robots
the emergence of 4d printing,design
"a skateboard, with a boost",technology
in search of the man who broke my neck,writing
the world's english mania,united states
"we the people, and the republic we must reclaim",democracy
are we in control of our own decisions?,self
why we're storing billions of seeds,biodiversity
10 things you didn't know about orgasm,writing
a plea for education,culture
playing pink noise on guitar,guitar
what comes after an inconvenient truth?,alternative energy
a call to reinvent liberal arts education,social change
the business logic of sustainability,green
ideas for india's future,third world
a full-band beatbox,singer
don't eat the marshmallow!,humor
the tribes we lead,social media
chaos and harmony on piano,piano
a one-woman global village,theater
we need to feed the whole world,business
could a saturn moon harbor life?,planets
anti-gravity sculpture,engineering
a supercharged motorcycle design,transportation
the mathematics of war,math
"insights on hiv, in stunning data visuals",aids
growing evidence of brain plasticity,mind
lessons from the 1918 flu,vaccines
what went wrong at the lhc,astronomy
teach arts and sciences together,art
how ideas trump crises,history
comics of bygone new york,new york
reporting crisis via texting,africa
the beautiful math of coral,visualizations
9 life lessons from rock climbing,nature
"smash fear, learn anything",productivity
does racism affect how you vote?,urban planning
how to spot a liar,society
to upgrade is human,genetics
stunning data visualization in the allosphere,visualizations
how to live before you die,creativity
my mushroom burial suit,ted fellows
finding life we can't imagine,biology
the generation that's remaking china,asia
rethinking the way we sit down,work
what do babies think?,psychology
trusting the ensemble,music
"less stuff, more happiness",media
we can recycle plastic,green
a new ecosystem for electric cars,solar
the day i turned down tim berners-lee,web
selling condoms in the congo,philanthropy
how beauty feels,senses
a flirtatious aria,arts
the 6 killer apps of prosperity,economics
a doctor's touch,health care
the conscience of television,entertainment
filming democracy in ghana,politics
fighting a contagious cancer,biology
"doodlers, unite!",presentation
battling bad science,illness
does democracy stifle economic growth?,democracy
shake up your story,arts
a short intro to the studio school,education
hire the hackers!,internet
what we learned from 5 million books,visualizations
my father the forger,history
unintended consequences,design
making matter come alive,biology
compassion and the true meaning of empathy,death
can we make things that make themselves?,ted fellows
welcome to the genomic revolution,biotech
the art of wearable communication,glacier
beware conflicts of interest,medical research
a theory of everything,humor
pay attention to nonviolence,violence
how bacteria talk,microbiology
poetry of youth and age,poetry
our antisocial phone tricks,communication
scenes from my architect,film
a prediction for the future of iran,war
"the airstream, restyled",materials
high-altitude wind energy from kites!,wind energy
can design save newspapers?,media
dna clues to our inner neanderthal,biology
the jungle search for viruses,microbiology
cool tricks your phone can do,culture
the difference between winning and succeeding,leadership
play is more than just fun,play
what is retro-futurism?,humor
my 12 pairs of legs,prosthetics
military robots and the future of war,war
extreme wingsuit flying,extreme sports
my obsession with objects and the stories they tell,film
how to grow fresh air,garden
learning from dirty jobs,work
"cute, sexy, sweet, funny",primates
the next web,web
meet the sixthsense interaction,interface design
piano jazz that rocks,piano
seas of plastic,plastic
an escape from poverty,poverty
our buggy moral code,self
conserving the canopy,trees
my wish: protect our oceans,submarine
the voices of twitter users,social media
games for girls,gaming
my underground art explorations,photography
3 ways good design makes you happy,happiness
a dive into the reef's twilight zone,fish
how benjamin button got his face,film
join the seti search,extraterrestrial life
your elusive creative genius,writing
how to restore a rainforest,trees
el sistema's top youth orchestra,ted prize
"mosquitos, malaria and education",health
the next species of human,tedbooks
the el sistema music revolution,conducting
using design to make ideas new,education
solving medical mysteries,virus
a theory of earth's mass extinctions,life
fiddling in reel time,piano
the extraordinary power of ordinary people,writing
hypersonic sound and other inventions,invention
changing my legs - and my mindset,prosthetics
tools for a better world,culture
toy tiles that talk to each other,toy
our loss of wisdom,society
design and discovery,typography
a solar energy system that tracks the sun,solar energy
"great design is serious, not solemn",typography
ways of seeing,photography
genomics 101,biology
organic algorithms in architecture,design
digging up dinosaurs,paleontology
my journey in design,computers
my dream of a flying car,transportation
the art and craft of bread,book
why we make bad decisions,self
play! experiment! discover!,microbiology
what consumers want,shopping
there might just be life on mars,extraterrestrial life
the visual magic of comics,history
understanding the rise of china,china
the science of sync,biomechanics
the price of happiness,writing
the economic injustice of plastic,plastic
my library of human imagination,library
"know thyself, with a brain scanner",tedx
singing after a double lung transplant,medicine
the hunt for general tso,history
taking olpc to colombia,one laptop per child
it's time to redesign medical data,medicine
how i built a toaster -- from scratch,design
silicon-based comedy,ai
addicted to risk,social change
drawing on humor for change,feminism
take the other to lunch,politics
on reading the koran,global issues
how to succeed? get more sleep,productivity
gaming to re-engage boys in learning,violence
using our practical wisdom,self
the 3 a's of awesome,writing
the power of vulnerability,depression
we are all cyborgs now,cyborg
a realistic vision for world peace,nuclear weapons
visualizing the medical data explosion,visualizations
why we have too few women leaders,women in business
your brain on improv,entertainment
"a test that finds 3x more breast tumors, and why it's not available to you",medicine
changing education paradigms,business
how to learn? from mistakes,education
life lessons from big cats,photography
3 stories of local eco-entrepreneurship,business
the case for collaborative consumption,business
a vision for sustainable restaurants,sustainability
let's talk parenting taboos,web
new data on the rise of women,women
will our kids be a different species?,evolution
what we didn't know about penis anatomy,sex
a call to men,yesallwomen
a police chief with a difference,social change
a new way to stop identity theft,tedx
why not eat insects?,food
the attitudes that sparked arab spring,protests
revealing the lost codex of archimedes,library
a feminine response to iceland's financial crash,women in business
the walk from no to yes,war
why is 'x' the unknown?,language
how i taught rats to sniff out land mines,war
dancing with light,culture
et is (probably) out there -- get ready,extraterrestrial life
a reality check on renewables,wind energy
beats that defy boxes,live music
what your designs say about you,morality
4 lessons from robots about being human,ai
hiv -- how to fight an epidemic of bad laws,law
religions and babies,population
the sea we've hardly seen,biodiversity
how to build your creative confidence,creativity
what's left to explore?,microbiology
"cheap, effective shelter for disaster relief",natural disaster
the journey across the high wire,entertainment
how to look inside the brain,ted fellows
one year of turning the world inside out,ted prize
beethoven the businessman,business
the mathematics of history,language
"cheese, dogs and a pill to kill mosquitoes and end malaria",health
the optimism bias,brain
a teen just trying to figure it out,identity
tracking our online trackers,business
feats of memory anyone can do,brain
"404, the story of a page not found",web
"unseen footage, untamed nature",animals
"choice, happiness and spaghetti sauce",marketing
why the universe seems so strange,astronomy
music and emotion through time,entertainment
"why we love, why we cheat",relationships
happiness in body and soul,theater
sculpting waves in wood and time,nature
from stigma to supermodel,race
information is food,data
a 40-year plan for energy,wind energy
perspective is everything,tedx
chemical scum that dream of distant quasars,universe
"improvising on piano, aged 14",piano
meet the founder of the blog revolution,software
nerdcore comedy,software
an 11-year-old's magical violin,violin
the freakonomics of crack dealing,business
the birth of the open-source learning revolution,open-source
"organic design, inspired by nature",product design
my wish: a call for open-source architecture,open-source
a life of purpose,christianity
behind the design of seattle's library,library
letting go of god,atheism
the radical promise of the multi-touch interface,interface design
the best stats you've ever seen,google
why we do what we do,goal-setting
my wish: help me stop pandemics,epidemiology
one laptop per child,one laptop per child
my wish: a global day of film,ted prize
the birth of wikipedia,wikipedia
greening the ghetto,pollution
simple designs to save a life,industrial design
how schools kill creativity,parenting
averting the climate crisis,sustainability
simplicity sells,software
let's teach religion -- all religion -- in schools,atheism
a one-man world summit,government
the ancient ingenuity of water harvesting,water
global ethic vs. national interest,europe
the fight against sex slavery,trafficking
why nations should pursue soft power,writing
the thrilling potential of sixthsense technology,open-source
the art of puzzles,online video
learn to use the 13th-century astrolabe,astronomy
turning dunes into architecture,water
asia's rise -- how and when,statistics
learning from leadership's missing manual,women in business
the hunt for a supermassive black hole,dark matter
dance to change the world,social change
the surprising spread of idol tv,poetry
navigating our global future,third world
east vs. west -- the myths that mystify,culture
science-inspired design,product design
the science behind a climate headline,weather
transition to a world without oil,pollution
photographing the landscape of oil,ted prize
the modern euphonium,live music
"symmetry, reality's riddle",physics
the refugees of boom-and-bust,social change
lead like the great conductors,conducting
a brain in a supercomputer,consciousness
the year i was homeless,personal growth
a new way to explain explanation,cosmos
1.3m reasons to re-invent the syringe,medicine
how the internet enables intimacy,sociology
animating a photo-real digital face,visualizations
life lessons from an ad man,consumerism
robots that show emotion,robots
architecture that repairs itself?,sustainability
new york -- before the city,environment
the 4 ways sound affects us,music
how public spaces make cities work,cities
"the new bionics that let us run, climb and dance",exoskeleton
my journey into movies that matter,philanthropy
the post-crisis consumer,marketing
the curly fry conundrum: why social media ¡°likes¡± say more than you might think,social media
why giving away our wealth has been the most satisfying thing we've done,money
why i must come out,lgbt
zombie roaches and other parasite tales,biology
"my daughter, malala",yesallwomen
the unstoppable walk to political reform,democracy
the nsa responds to edward snowden¡¯s ted talk,law
my wish: to launch a new era of openness in business,ted prize
here's how we take back the internet,law
"it's ted, the musical",dance
the neuroscience of restorative justice,culture
"to create for the ages, let's combine art and engineering",engineering
protecting twitter users (sometimes from themselves),security
where¡¯s google going next?,intelligence
you don't need an app for that,innovation
can we all have it all?,men
the birds and the bees are just the beginning,animals
the long reach of reason,philosophy
a 50-cent microscope that folds like origami,ted fellows
dare to educate afghan girls,yesallwomen
a-rhythm-etic. the math behind the beats,performance
my dna vending machine,ted fellows
a new museum wing ... in a giant bubble,architecture
the discovery that could rewrite physics,time
what i learned from going blind in space,fear
a word game to communicate in any language,speech
how a dead duck changed my life,sex
nature vs. humans,solar
we need money for aid. so let¡¯s print it.,poverty
cape breton fiddling in reel time,violin
"parrots, the universe and everything",writing
the 3 agencies with the power to make or break economies,business
could future devices read images from our brains?,brain
"what we can learn from galaxies far, far away",dark matter
tales of passion,world cultures
we're all hiding something. let's find the courage to open up,culture
government surveillance ? this is just the beginning,internet
how data will transform business,economics
fighting cancer with dance,personal growth
how to separate fact and fiction online,internet
a plea for bees,bees
can the damaged brain repair itself?,neuroscience
why good hackers make good citizens,urban planning
the beauty of data visualization,visualizations
how i built a windmill,interview
animations of unseeable biology,visualizations
"for more wonder, rewild the world",animals
are we designed to be sexual omnivores?,relationships
a mobile fridge for vaccines,vaccines
patient capitalism,investment
woza,music
the  4 a.m. mystery,poetry
thula mama,singer
how to educate leaders? liberal arts,social change
the magic washing machine,culture
telling stories from africa,literature
why invest in africa,investment
aid versus trade,investment
visualizing the wonder of a living cell,visualizations
the $80 prosthetic knee that's changing lives,innovation
how to get (a new) hip,health care
"spore, birth of a game",gaming
new insights on poverty,google
the web's secret stories,software
the potential of regenerative medicine,health care
africa's cheetahs versus hippos,philanthropy
salvation (and profit) in greentech,sustainability
a memorial at ground zero,new york
let's rethink america's military strategy,terrorism
we can be buddhas,god
flip your thinking on aids in africa,statistics
dangerous memes,faith
a string quartet plays blue room,violin
want to help africa? do business here,women in business
tour microsoft's virtual earth,map
i'm going to the moon. who's with me?,moon
how brain science will change computing,intelligence
my battle to expose government corruption,corruption
human-centered design,museums
rethink the desktop with bumptop,software
what squatter cities can teach us,urban planning
the ghastly tragedy of the suburbs,transportation
"science is for everyone, kids included",insects
how photosynth can connect the world's images,microsoft
swim with the giant sunfish,fish
"actually, the world isn't flat",social change
the single biggest health threat women face,heart health
black men ski,performance
"online video -- annotated, remixed and popped",web
smart failure for a fast-changing world,success
your body language shapes who you are,success
what doctors don't know about the drugs they prescribe,medicine
"how art, technology and design inform creative leaders",internet
let's pool our medical data,health care
talk nerdy to me,engineering
weaving narratives in museum galleries,art
between music and medicine,violin
making sense of maps,design
are droids taking our jobs?,tedx
an animated tour of the invisible,philosophy
let's prepare for our new climate,weather
terrorism is a failed brand,terrorism
what's so funny about mental illness?,mental health
"what we're learning from 5,000 brains",brain
a thousand times no,egypt
how the internet will (one day) transform government,internet
3 ways to (usefully) lose control of your brand,social media
the mysterious workings of the adolescent brain,brain
the secret lives of paintings,arts
the self-organizing computer course,computers
a story about knots and surgeons,violence
mental health for all by involving all,mental health
discover the physical side of the internet,business
the currency of the new economy is trust,web
why light needs darkness,design
a life lesson from a volunteer firefighter,community
the global food waste scandal,environment
a choreographer's creative process in real time,art
demand a fair trade cell phone,war
let's use video to reinvent education,online video
demand a more open-source government,government
printing a human kidney,surgery
if i should have a daughter ...,performance
the sound the universe makes,universe
how the market can keep streams flowing,water
the social animal,society
why architects need to use their ears,senses
the birth of a word,language
"a modern take on piano, violin, cello",live music
the voices of china's workers,asia
my wish: use art to turn the world inside out,ted prize
the promise of research with stem cells,health care
this isn't her mother's feminism,feminism
inside the egyptian revolution,protests
a historic moment in the arab world,protests
understanding cancer through proteomics,cancer
a whistleblower you haven't heard,performance
saving faces: a facial surgeon's craft,medical research
how state budgets are breaking us schools,youth
how to use experts -- and when not to,economics
on being a woman and a diplomat,iraq
inspiring a life of immersion,investment
the linguistic genius of babies,brain
reconnecting with compassion,charter for compassion
the future of business is the mesh,business
are we born to run?,sports
curating humanity's heritage,anthropology
mother and daughter doctor-heroes,health
what's wrong with our food system,sustainability
"poems of war, peace, women, power",poetry
how to make work-life balance work,work
the rise of personal robots,robots
social media and the end of gender,media
we are makers,hack
using nature's genius in architecture,sustainability
the council of dads,storytelling
a darwinian theory of beauty,society
reviving new york's rivers -- with oysters!,cities
"women, wartime and the dream of peace",iraq
creative houses from reclaimed stuff,cities
why work doesn't happen at work,work
protecting the brain against concussion,medicine
making law on the high seas,mission blue
what a bike ride can teach you,motivation
a one-man orchestra of the imagination,performance
simplifying complexity,simplicity
saving the ocean one island at a time,mission blue
teaching kids real math with computers,math
my green school dream,design
re-engineering the brain,neurology
teaching design for change,education
(nothing but) flowers with string quartet,performance
the power of cartoons,news
making global labor fair,inequality
glorious visions in animation and performance,arts
e-voting without fraud,government
natural pest control ... using bugs!,insects
7 ways games reward the brain,gaming
the path to ending ethnic conflicts,iraq
global power shifts,war
"poverty, money -- and love",women in business
america's native prisoners of war,culture
sustainable seafood? let's get smart,fish
my web playroom,web
breakthrough designs for ultra-low-cost products,industrial design
tough truths about plastic pollution,mission blue
what nonprofits can learn from coca-cola,philanthropy
the brain in your gut,biology
the art of the eco-mindshift,arts
haiti's disaster of engineering,natural disaster
the roots of plant intelligence,biology
robots inspired by cockroach ingenuity,transportation
a message to gay teens: it gets better,social change
turning powerful stats into art,plastic
the bottom billion,poverty
the birth of the computer,software
kounandi,singer
a hospital tour in nigeria,public health
the ancestor of language,history
"archeology, animal photography, bbq ...",fish
what's wrong with what we eat,sustainability
memes and temes,evolution
the news about the news,google
the astonishing hidden world of the deep ocean,submarine
your genes are not your fate,health care
moving sculpture,humor
designing objects that tell stories,one laptop per child
6 ways mushrooms can save the world,pollution
the worldwide web of belief and ritual,faith
cern's supercollider,string theory
can we domesticate germs?,microbiology
a thought experiment on the intelligence of crows,interface design
where does creativity hide?,storytelling
new thinking on the climate crisis,politics
free or cheap wii remote hacks,gaming
world-class health care,public health
questioning the universe,string theory
making sense of string theory,string theory
juggling as art ... and science,sports
inventing instruments that unlock new music,writing
wake up!,guitar
the thinking behind 50x15,philanthropy
a new kind of music video,online video
sputnik mania,war
m'bifo,guitar
the new open-source economics,wikipedia
in defense of dialogue,culture
can astronomers help doctors?,tedx
award-winning teenage science in action,cancer
be suspicious of stories,culture
"change our culture, change our world",culture
the battle between your present and future self,decision-making
the global power shift,world cultures
"1000 tedtalks, 6 words",visualizations
life's third act,health
there are no scraps of men,prosthetics
the search for the true face of leonardo,history
how to stop torture,law
how healthy living nearly killed me,humor
a prosthetic eye to treat blindness,sight
medicine for the 99 percent,global issues
the hidden light of afghanistan,photography
my subversive (garden) plot,food
there are no mistakes on the bandstand,music
an unexpected place of healing,health care
ultrasound surgery -- healing without cuts,health care
color-coded surgery,medicine
what happens when an ngo admits failure,development
massive-scale online collaboration,wikipedia
the quest to understand consciousness,consciousness
building the musical muscle,medical research
the magnificence of spider silk,biomechanics
put a value on nature!,economics
cooking as alchemy,food
don't misrepresent africa,africa
the world's smallest 3d printer,design
"dance vs. powerpoint, a modest proposal",presentation
what we learn before we're born,writing
the joyful tradition of mountain music,entertainment
the playful search for beauty,play
how many lives can you live?,poetry
how to topple a dictator,protests
don't regret regret,decision-making
the mysterious lives of giant trees,trees
the future of cars,alternative energy
the design of the universe,dark matter
the coming neurological epidemic,public health
"a tour of nollywood, nigeria's booming film industry",media
do the green thing,media
philosophy in prison,prison
a complicated hero in the war on dictatorship,terrorism
the science of scent,smell
"what i'm worried about, what i'm excited about",business
demo: the orb,invention
walk the earth ... my 17-year vow of silence,environment
life in second life,entrepreneur
the story behind the mars rovers,planets
a foie gras parable,sustainability
the long now,future
science and democracy,string theory
tales of creativity and play,play
the power and the danger of online crowds,media
tidying up art,humor
fashion and creativity,media
the evolution of compassion,charter for compassion
a flight through the ocean,invention
expanding your circle of compassion,chautauqua
compassion at the dinner table,charter for compassion
the story of ezra,film
the profound journey of compassion,charter for compassion
the balancing act of compassion,charter for compassion
toys and materials from the future,materials
a performance of mathemagic,magic
"lose your ego, find your compassion",charter for compassion
why do societies collapse?,social change
the lost art of letter-writing,writing
why aren't we more compassionate?,empathy
"flow, the secret to happiness",happiness
"beauty, truth and ... physics?",string theory
winning the oil endgame,green
the face of aids in africa,aids
using biology to rethink the energy challenge,tedbooks
a story of mixed emoticons,humor
the sticky wonder of gecko feet,design
5 dangerous things you should let your kids do,play
the case for optimism,peace
the illustrated woman,happiness
design and destiny,humor
the fractals at the heart of african designs,math
laws that choke creativity,business
how electroshock therapy changed me,mental health
a critical look at geoengineering against climate change,business
the habits of happiness,god
the anthropology of mobile phones,telecom
playing with dna that self-assembles,macarthur grant
3 clues to understanding your brain,consciousness
10 ways the world could end,climate change
this is saturn,planets
a flight on solar wings,flight
"life at 30,000 feet",interview
an iraq war movie crowd-sourced from soldiers,war
the search for humanity's roots,human origins
my magic moves,arts
building self-aware robots,ai
the joy of lexicography,language
the surprising decline in violence,violence
"pool medical patents, save lives",health care
"my creations, a new form of life",biomechanics
a commodities exchange for ethiopia,women in business
please don't take my air jordans,poetry
a bath without water,development
"luke, a new prosthetic arm for soldiers",war
lessons in business ... from prison,business
want to help someone? shut up and listen!,business
could tissue engineering mean personalized medicine?,health care
designing for simplicity,design
a broken body isn't a broken person,health care
teen wonders play bluegrass,wunderkind
aid for africa? no thanks.,investment
"forget multitasking, try monotasking",design
how to solve traffic jams,cars
what our language habits reveal,culture
why global jihad is losing,terrorism
4 lessons in creativity,arts
before i die i want to...,arts
the cheap all-terrain wheelchair,development
the arts festival revolution,theater
how to sketch with electronics,toy
want to be happier? stay in the moment,brain
how i started a sanitary napkin revolution!,invention
love letters to strangers,culture
the future of lying,tedx
why i love vultures,birds
nature. beauty. gratitude.,photography
the tragedy of orphanages,parenting
your brain on video games,gaming
the beautiful nano details of our world,nature
the secret of the bat genome,genetics
"healthier men, one moustache at a time",culture
why democracy matters,state-building
a cyber-magic card trick like no other,illusion
the magic of the placebo,illusion
a child of the state,spoken word
what i've learned from my autistic brothers,mental health
take turns,transportation
the strange politics of disgust,morality
take health care off the mainframe,health
how open data is changing international aid,development
suspended animation is within our grasp,biology
watch me play ... the audience!,brain
how i fell in love with a fish,food
a new mission for veterans -- disaster relief,natural disaster
the riddle of experience vs. memory,brain
metal that breathes,materials
before avatar ... a curious boy,submarine
"in the internet age, dance evolves ...",gaming
the year open data went worldwide,web
do what you love (no excuses!),web
the world needs all kinds of minds,mental health
is pivot a turning point for web exploration?,web
the opportunity of adversity,society
the next age of government,politics
how brains learn to see,sight
my 5 lives as an artist,entertainment
the wireless future of medicine,health care
teach every child about food,obesity
"the rise of cricket, the rise of india",sports
technology's epic story,history
a new strategy in the war on cancer,health care
innovating to zero!,invention
four ways to fix a broken legal system,law
augmented-reality maps,map
the painter and the pendulum,space
a lab the size of a postage stamp,development
what it takes to be a great leader,leadership
the big idea my brother inspired,health care
solving social problems with a nudge,women
how to expose the corrupt,corruption
"weird, or just different?",creativity
a warm embrace that saves lives,invention
love -- you're doing it wrong,culture
does the media have a duty of care?,democracy
paper beats plastic? how to rethink environmental folklore,sustainability
a new equation for intelligence,intelligence
a new way to grow bone,medicine
"the world is one big dataset. now, how to photograph it ...",space
the investment logic for sustainability,investment
how we turned the tide on domestic violence (hint: the polaroid helped),yesallwomen
"puppies! now that i¡¯ve got your attention, complexity theory",animals
"meet a young entrepreneur, cartoonist, designer, activist ¡¦",creativity
art that craves your attention,creativity
why smart statistics are the key to fighting crime,data
how architectural innovations migrate across borders,latin america
"synthetic voices, as unique as fingerprints",science
"as work gets more complex, 6 rules to simplify",productivity
why massive open online courses (still) matter,education
want to be an activist? start with your toys,youth
a little-told tale of sex and sensuality,middle east
how i beat stage fright,fear
don't kill your language,culture
so we leaned in ... now what?,women in business
his and hers ¡¦ healthcare,heart health
i got 99 problems... palsy is just one,women
robots with soul,jazz
how i learned to stop worrying and love useless art,museums
to hear this music you have to be there. literally,entertainment
profit¡¯s not always the point,business
how to build an information time machine,library
does money make you mean?,psychology
why dieting doesn't usually work,obesity
demo: a needle-free vaccine patch that's safer and way cheaper,vaccines
who am i? think again,performance art
a bold new way to fund drug research,business
an ode to envy,literature
africa's next boom,economics
why our universe might exist on a knife-edge,string theory
how an obese town lost a million pounds,obesity
what will a future without secrets look like?,privacy
"never, ever give up",goal-setting
architecture at home in its community,ted fellows
"government -- investor, risk-taker, innovator",investment
ingenious homes in unexpected places,photography
iran and israel: peace is possible,iran
let's go all-in on selling sustainability,sustainability
life that doesn't end with death,world cultures
the unheard story of david and goliath,history
psychedelic science,arts
confessions of a depressed comic,depression
how i hacked online dating,data
we need a heroic narrative for death,life
the walkable city,transportation
why we shouldn't trust markets with our civic life,debate
adventures in twitter fiction,writing
the fiction of memory,psychology
let's treat violence like a contagious disease,medicine
why bees are disappearing,bees
can technology solve our big problems?,space
why business can be good at solving social problems,social change
the art of misdirection,entertainment
3 reasons we still haven¡¯t gotten rid of malaria,insects
what we don't understand about trust,global issues
new york's streets? not so mean any more,transportation
the pursuit of ignorance,education
leather and meat without killing animals,sustainability
why mayors should rule the world,politics
how technology allowed me to read,disability
how to make stress your friend,psychology
why our iq levels are higher than our grandparents',education
why do we sleep?,mental health
your body is my canvas,arts
in the key of genius,live music
the rise of the new global super-rich,money
the museum of you,museums
mapping ideas worth spreading,algorithm
the voices in my head,health care
making peace is a marathon,war
everyday cybercrime -- and what you can do about it,crime
the polyphonic me,entertainment
why i fell in love with monster prime numbers,humor
emergency shelters made from paper,disaster relief
how a penny made me feel like a millionaire,money
ingenuity and elegance in ancient african alphabets,writing
"in our baby's illness, a life lesson",parenting
a mouse. a laser beam. a manipulated memory.,animals
the orchestra in my mouth,live music
"spider-man, the lion king and life on the creative edge",theater
the fastest ambulance? a motorcycle,health care
the dangers of willful blindness,women in business
a 3d-printed jumbo jet?,flight
design for all 5 senses,senses
sex needs a new metaphor. here's one ...,sex
how can formula 1 racing help ... babies?,sports
dj decks made of... paper,design
two young scientists break down plastics with bacteria,pollution
where is home?,writing
for argument¡¯s sake,culture
bitcoin. sweat. tide. meet the future of branded currency.,marketing
the interspecies internet? an idea in progress,animals
meet global corruption's hidden players,business
our shared condition -- consciousness,consciousness
virtual choir live,conducting
the technology of touch,engineering
a promising test for pancreatic cancer ... from a teenager,disease
"neuroscience, game theory, monkeys",monkeys
the voice of the natural world,nature
"the mind behind tesla, spacex, solarcity ...",solar energy
my escape from north korea,politics
cloudy with a chance of joy,weather
why we should build wooden skyscrapers,materials
my invention that made peace with lions,biodiversity
one very dry demo,water
bluegrass virtuosity from ... new jersey?,wunderkind
play with smart materials,ted fellows
"the good news on poverty (yes, there's good news)",poverty
a girl who demanded school,yesallwomen
a guerilla gardener in south central la,garden
the way we think about charity is dead wrong,philanthropy
we're covered in germs. let's design for that.,ted fellows
the art of asking,music
build a school in the cloud,ted prize
we need better drugs -- now,public health
the internet could crash. we need a plan b,computers
"dance, tiny robots!",tedx
gorgeous photos of a backyard wilderness worth saving,environment
your brain is more than a bag of chemicals,neuroscience
agile programming -- for your family,parenting
a glimpse of life on the road,photography
how to fight desertification and reverse climate change,agriculture
use data to build better schools,inequality
how we found the giant squid,oceans
to this day ... for the bullied and beautiful,spoken word
the dawn of de-extinction. are you ready?,deextinction
"be an artist, right now!",writing
the secret to desire in a long-term relationship,relationships
how a fly flies,biology
a clean energy proposal -- race to the top!,work
the intriguing sound of marine mammals,mission blue
three myths about corruption,corruption
"a monkey that controls a robot with its thoughts. no, really.",monkeys
could your language affect your ability to save money?,behavioral economics
how architecture helped music evolve,arts
a self-healing asphalt,urban planning
the lost art of democratic debate,democracy
let's raise kids to be entrepreneurs,entrepreneur
how to engineer a viral music video,online video
how youtube thinks about copyright,online video
the pattern behind self-deception,faith
the ocean's glory -- and horror,mission blue
debate: does the world need nuclear energy?,wind energy
how poachers became caretakers,biodiversity
who controls the world?,inequality
songs of secrets and city lights,performance
hiv and flu -- the vaccine strategy,vaccines
why we need the explorers,space
inside a school for suicide bombers,film
pointing to the future of ui,interface design
the case for anonymity online,internet
bring on the learning revolution!,children
lessons from fashion's free culture,media
sweat the small stuff,simplicity
re-examining the remix,web
can we eat to starve cancer?,cancer
it's time for the talk,sex
watch me unveil synthetic life,dna
pay attention to penguins,mission blue
love is a loaded pistol,live music
why believe in others,peace
why i'm a weekday vegetarian,green
math class needs a makeover,student
"depression, the secret we share",mental health
glimpses of a pristine ocean,mission blue
planning for the end of oil,energy
the hidden influence of social networks,health
how great leaders inspire action,business
how we wrecked the ocean,mission blue
welcome to the age of the industrial internet,economics
india's hidden hotbeds of invention,entrepreneur
could this laser zap malaria?,invention
the 4 stories we tell ourselves about death,culture
let¡¯s try emotional correctness,news
how to build with clay... and community,sustainability
how your working memory makes sense of the world,brain
what i learned from nelson mandela,nature
inside the secret shipping industry,transportation
body parts on a chip,illness
my glacier cave discoveries,exploration
my underwater robot,exploration
what is so special about the human brain?,neuroscience
a new vision for rebuilding detroit,business
how societies can grow old better,social change
why buses represent democracy in action,cities
is china the new idol for emerging economies?,asia
no roads? there¡¯s a drone for that,transportation
invest in social change,economics
the link between unemployment and terrorism,violence
the deadly genius of drug cartels,global issues
what i discovered in new york city  trash,culture
the magic of fibonacci numbers,magic
want to be happy? be grateful,happiness
the art of bow-making,demo
a drone's-eye view of conservation,sustainability
meet the robots for humanity,culture
the game layer on top of the world,business
what doctors can learn from each other,public health
massively multi-player¡¦ thumb-wrestling?,entertainment
ecology from the air,trees
why stay in chernobyl? because it's home.,nuclear energy
our century's greatest injustice,trafficking
how big brands can help save biodiversity,sustainability
life in the digital now,storytelling
the paralyzed rat that walked,neuroscience
how the nsa betrayed the world's trust -- time to act,security
the case for same-sex marriage,god
the axis of evil middle east comedy tour,politics
"meet milo, the virtual boy",gaming
design with the blind in mind,sight
the art of choosing,decision-making
did you hear the one about the iranian-american?,iran
a simple solution to the coming phosphorus crisis,food
my mind-shifting everest swim,sports
how we found hundreds of potential earth-like planets,extraterrestrial life
wiring an interactive ocean,mission blue
a monkey economy as irrational as ours,money
"global population growth, box by box",presentation
the bio-future of joint replacement,design
a headset that reads your brainwaves,interface design
obesity + hunger = 1 global food issue,obesity
why the world needs wikileaks,iraq
superheroes inspired by islam,islam
the politics of fiction,women
"the oil spill's unseen culprits, victims",oil
retrofitting suburbia,urban planning
fractals and the art of roughness,math
listening to global voices,web
education innovation in the slums,innovation
a 3d atlas of the universe,space
when ideas have sex,business
measuring what makes life worthwhile,happiness
"don't build your home, grow it!",urban planning
the hidden toxins in the fish we eat -- and how to stop them,mission blue
how cognitive surplus will change the world,wikipedia
life science in prison,trees
a second opinion on developmental disorders,medicine
legos for grownups,gaming
an 8-dimensional model of the universe,science
"aliens, love -- where are they?",time
design and the elastic mind,museums
playing invisible turntables,performance
on glamour,marketing
intricate beauty by design,typography
the web as a city,web
human nature and the blank slate,language
the blur building and other tech-empowered architecture,theater
remember to say thank you,parenting
moving photos of extreme drug-resistant tb,ted prize
healing through diet,health care
health and the human mind,brain
politics and religion are technologies,society
robots will invade our lives,ai
the psychology of evil,prison
the moral roots of liberals and conservatives,morality
designing with slogans,happiness
lessons from past presidents,entertainment
are games better than life?,gaming
"playtime with pleo, your robotic dinosaur friend",toy
how to pitch to a vc,investment
what security means to me,violence
the camel's hump,transportation
what's wrong with school lunches,garden
life in the deep oceans,submarine
a free digital library,library
what we think we know,education
how humans and animals can live together,primates
the web is more than better tv,telecom
how to survive a nuclear attack,global issues
"once upon a time, my mother ...",memory
our next giant leap,space
new ways to see music (with color! and fire!),visualizations
how i became an activist,media
"a talking, squawking parrot",performance
let's crowdsource the world's goals,poverty
experiments that point to a new understanding of cancer,health care
the game that can give you 10 extra years of life,gaming
capturing memories in video art,arts
how to fool a gps,security
a young guitarist meets his hero,music
"dna folding, in detail",dna
"the future race car -- 150mph, and no driver",future
a vision of crimes in the future,terrorism
meet your microbes,microbiology
a novel idea for cleaning up oil spills,global issues
a tale of mental illness -- from the inside,mental health
the levitating superconductor,demo
how i'm preparing to get alzheimer's,medicine
reinventing the encyclopedia game,web
how arduino is open-sourcing imagination,drones
the electric rise and fall of nikola tesla,science
lessons from death row inmates,prison
india's invisible innovation,global issues
tour the solar system from home,planets
advice to young scientists,student
what's your 200-year plan?,entertainment
"the 100,000-student classroom",internet
are we over-medicalized?,health care
the myth of the gay agenda,lgbt
the shared wonder of film,youth
women should represent women in media,global issues
four principles for the open world,business
how to use a paper towel,simplicity
how to air-condition outdoor spaces,solar energy
a new way to diagnose autism,cognitive science
what if our healthcare system kept us healthy?,public health
gaming for understanding,global issues
mining minerals from seawater,water
archeology from space,ted fellows
pop an ollie and innovate!,skateboarding
"design, explained.",humor
texting that saves lives,youth
we are all designers,humor
just how small is an atom?,education
older people are happier,tedx
tracking ancient diseases using ... plaque,paleontology
how to buy happiness,money
how do we heal medicine?,health care
the 4 commandments of cities,latin america
building us-china relations ... by banjo,world cultures
the stories behind the bloodlines,photography
how i beat a patent troll,business
let's put birth control back on the agenda,global issues
how i repaired my own heart,health
moral behavior in animals,morality
is our universe the only universe?,string theory
the other inconvenient truth,environment
half a million secrets,arts
on the virtual dissection table,health care
how can technology transform the human body?,ted fellows
the secret life of plankton,ted-ed
i am a pirate,global issues
"designing books is no laughing matter. ok, it is.",humor
make data more human,media
put the financial aid in the bag,poetry
a magical tale (with augmented reality),illusion
"unlock the intelligence, passion, greatness of girls",global issues
"connected, but alone?",sociology
inventing is the easy part,green
"everyday moments, caught in time",humor
the missing link to renewable energy,alternative energy
from mach-20 glider to hummingbird drone,drones
"yup, i built a nuclear fusion reactor",youth
let's talk about dying,health care
"building blocks that blink, beep and teach",toy
a comic sendup of ted2006,performance
la vie en rose,performance
how to truly listen,live music
the illusion of consciousness,consciousness
technology's long tail,marketing
why would god create a tsunami?,natural disaster
great cars are great art,transportation
kiteflyer's hill,composing
"global warming's theme song, manhattan in january",vocals
how to get your ideas to spread,marketing
what you've got,composing
casting a spell on the cello,vocals
how we discovered dna,dna
visual illusions that show how we (mis)think,brain
how architecture can connect us,invention
the electricity metaphor for the web's future,web
the shrimp with a kick!,biomechanics
the route to a sustainable future,sustainability
singing what i want,live music
cradle to cradle design,sustainability
design is in the details,industrial design
militant atheism,god
to invent is to give,transportation
software (as) art,performance
biomimicry's surprising lessons from nature's engineers,dna
a philosophical quest for our biggest problems,philosophy
a mockingbird remix of ted2006,poetry
what separates us from chimpanzees?,primates
one second every day,online video
sampling the ocean's dna,dna
how to talk to veterans about the war,peace
my wish: let my photographs bear witness,media
print your own medicine,medical research
take back your city with paint,urban planning
how the worst moments in our lives make us who we are,pain
"art with wire, sugar, chocolate and string",art
the life code that will reshape the future,tedbooks
why good leaders make you feel safe,leadership
the gentle genius of bonobos,apes
"how to rob a bank (from the inside, that is)",law
the bridge between suicide and life,depression
happiness by design,typography
the story of life in photographs,fish
the museum of four in the morning,online video
how the teddy bear taught us compassion,environment
why veterans miss war,war
the smelly mystery of the human pheromone,animals
comics that ask what if?,math
how sampling transformed music,music
what does the future hold? 11 characters offer quirky answers,theater
how augmented reality will change sports ... and build empathy,sports
"what ants teach us about the brain, cancer and the internet",ants
"are athletes really getting faster, better, stronger?",sports
"save the oceans, feed the world!",sustainability
the military case for sharing knowledge,iraq
"success, failure and the drive to keep creating",failure
my life in typefaces,industrial design
"for parents, happiness is a very high bar",culture
color blind or color brave?,inequality
"and for my next trick, a robot",magic
get your next eye exam on a smartphone,public health
the best computer interface? maybe ... your hands,senses
how synchronized hammer strikes could generate nuclear fusion,alternative energy
the sore problem of prosthetic limbs,prosthetics
hidden miracles of the natural world,nanoscale
the emergent patterns of climate change,environment
how i help transgender teens become who they want to be,lgbt
a shark-deterrent wetsuit (and it's not what you think),sports
should you live for your r?sum? ... or your eulogy?,self
autism ? what we know (and what we don¡¯t know yet),neuroscience
embrace the near win,motivation
be passionate. be courageous. be your best.,politics
victims of the city,sustainability
deep ocean mysteries and wonders,biology
beautiful artificial limbs,prosthetics
the flower-shaped starshade that might help us detect earth-like planets,planets
let's transform energy -- with natural gas,energy
listening to shame,psychology
why you will fail to have a great career,failure
"religion, evolution, and the ecstasy of self-transcendence",culture
questions no one knows the answers to,education
the cockroach beatbox,brain
why i must speak out about climate change,environment
the clues to a great story,storytelling
the genesis of google,web
the power of introverts,psychology
how simple ideas lead to scientific discoveries,simplicity
abundance is our future,sustainability
the $8 billion ipod,entertainment
robots that fly ... and cooperate,ai
design to challenge reality,materials
a ted speaker's worst nightmare,performance
the ocean's shifting baseline,oceans
coding a better government,cities
"saving for tomorrow, tomorrow",behavioral economics
a census of the ocean,fish
the sibling bond,psychology
why videos go viral,online video
all your devices can be hacked,security
the true cost of oil,oil
we need to talk about an injustice,law
i think we all need a pep talk,humor
hey science teachers -- make it fun,education
the earth is full,sustainability
2600 years of history in one object,history
fifty shades of gay,lgbt
let's teach kids to code,youth
my immigration story,storytelling
using tech to enable dreaming,art
how do you save a shark you know nothing about?,biology
digital humanitarianism,natural disaster
why domestic violence victims don't leave,yesallwomen
why libya's revolution didn't work -- and what might,politics
look up for a change,ted fellows
how movies teach manhood,identity
comedy is translation,literature
a country with no water,water
"looks aren't everything. believe me, i'm a model.",fashion
a new kind of job market,work
kids need structure,youth
how a boy became an artist,writing
a father-daughter dance ... in prison,youth
a universal translator for surgeons,health care
what i saw in the war,war
all it takes is 10 mindful minutes,meditation
could the sun be good for your heart?,heart health
a cinematic journey through visual effects,film
how common threats can make common (political) ground,politics
"biohacking -- you can do it, too",biology
what fear can teach us,fear
re-engineering mosquitos to fight disease,pandemic
different ways of knowing,arts
ethical riddles in hiv research,health care
a cello with many voices,music
deep sea diving ... in a wheelchair,performance art
beware neuro-bunk,advertising
this is beatjazz,music
"a father-daughter bond, one photo at a time",children
why bother leaving the house?,extreme sports
israel and iran: a love story?,middle east
a future beyond traffic gridlock,mobility
the dance of the dung beetle,animals
"a saudi, an indian and an iranian walk into a qatari bar ...",humor
what we learned from teetering on the fiscal cliff,politics
"a manifesto for play, for bulgaria and beyond",economics
building a dinosaur from a chicken,paleontology
haunting photos of polar ice,glacier
"excuse me, may i rent your car?",business
7 rules for making more happiness,happiness
is anatomy destiny?,culture
break the silence for suicide attempt survivors,depression
the world's first charter city?,politics
how i became 100 artists,arts
we need a moral operating system,culture
"on violon and cello, passacaglia",live music
wearing nothing new,fashion
authentic creativity vs. karaoke culture,arts
medicine's future? there's an app for that,tedx
visualizing ourselves ... with crowd-sourced data,visualizations
how to tie your shoes,culture
taking imagination seriously,visualizations
faith versus tradition in islam,egypt
art in exile,photography
gotta share!,entertainment
making sense of a visible quantum object,physics
building the seed cathedral,creativity
how we'll stop polio for good,vaccines
my friend richard feynman,culture
making a car for blind drivers,senses
tales of ice-bound wonderlands,photography
the hidden beauty of pollination,bees
"the weird, wonderful world of bioluminescence",deextinction
a light switch for neurons,brain
the hidden power of smiling,society
building a museum of museums on the web,arts
why eyewitnesses get it wrong,prison
the mystery of chronic pain,pain
how to step up in the face of disaster,natural disaster
"sculpted space, within and without",arts
the art of creating awe,film
"silk, the ancient material of the future",biology
strange answers to the psychopath test,prison
dare to disagree,women in business
the rise of human-computer cooperation,algorithm
brilliant designs to fit more people in every city,urban planning
the mad scientist of music,music
energy from floating algae pods,alternative energy
the power of the informal economy,law
"design for people, not awards",product design
embrace the remix,art
a test for parkinson's with a phone call,ted fellows
how we can eat our landscapes,botany
is life really that complex?,complexity
what's a snollygoster? a short lesson in political speak,culture
can democracy exist without trust?,protests
photos that bear witness to modern slavery,global issues
imaging at a trillion frames per second,invention
what we're learning from online education,internet
(re)touching lives through photos,memory
finding the story inside the painting,storytelling
fighting with nonviolence,terrorism
a teacher growing green in the south bronx,business
every city needs healthy honey bees,insects
when a reporter becomes the story,violence
behind the great firewall of china,china
i listen to color,sound
building unimaginable shapes,software
technology crafts for the digitally underserved,tedx
your phone company is watching,telecom
a navy admiral's thoughts on global security,terrorism
the greatest machine that never was,computers
image recognition that triggers augmented reality,interface design
sometimes it's good to give up the driver's seat,decision-making
the magic of truth and lies (and ipods),illusion
finding planets around other stars,universe
wireless data from every light bulb,cities
the great penguin rescue,animals
"suddenly, my body",poetry
the demise of guys?,feminism
how algorithms shape our world,computers
the shareable future of cities,green
how language transformed humanity,evolution
the origins of pleasure,happiness
the surprising math of cities and corporations,complexity
ending hunger now,war
5 ways to listen better,sound
time to end the war in afghanistan,foreign policy
are we filtering the wrong microbes?,microbiology
a robot that flies like a bird,biomechanics
"embracing otherness, embracing myself",psychology
"fighting viruses, defending the net",virus
try something new for 30 days,culture
after your final status update,self
see yemen through my eyes,war
"trial, error and the god complex",society
a global culture to fight extremism,politics
a circle of caring,culture
on being just crazy enough,mental health
cooking as never seen before,photography
don't take consciousness for granted,medicine
building a park in the sky,cities
caring for engineered tissue,biotech
my wish: find the next einstein in africa,ted prize
meet e-patient dave,tedx
a rosetta stone for a lost language,computers
my wish: once upon a school,ted prize
a history of the universe in sound,physics
the beautiful tricks of flowers,botany
the call to learn,web
let's take back the internet!,protests
my stroke of insight,consciousness
my days as a young rebel,architecture
a look inside the brain in real time,visualizations
"5 predictions, from 1984",interface design
my green agenda for architecture,cities
my wish: the charter for compassion,religion
a civil response to violence,terrorism
on the verge of creating synthetic life,alternative energy
a powerful idea about ideas,education
a song of the city,latin america
a preview of the worldwide telescope,universe
juggle and jest,humor
a parable for kenya,politics
building uniqueness,museums
the idea behind zipcar (and what comes next),transportation
the jill and julia show,singer
an illustrated journey through rome,macarthur grant
model rocketry,toy
the untouchable music of the theremin,live music
one day of peace,peace
a plant's-eye view,garden
underwater astonishments,fish
an unusual glimpse at celebrity,photography
the story of project orion,nasa
ted's nonprofit transition,philanthropy
the music wars,entertainment
tembererana,guitar
"rebuilding a neighborhood with beauty, dignity, hope",philanthropy
the new power of collaboration,wikipedia
the emergent genius of ant colonies,insects
four american characters,theater
in praise of slowness,personal growth
unleash your creativity in a fab lab,third world
my wish: rebuilding rwanda,ted prize
the life-long learner,literature
"a master architect asks, now what?",interview
we're worried about local warming ... in your lap,humor
treat design as art,museums
progress is not a zero-sum game,war
a dance of symbiosis,arts
the mystery box,entertainment
my wish: build the encyclopedia of life,ants
the era of open innovation,product design
8 secrets of success,success
photos of endangered cultures,photography
everyday inventions,product design
fight injustice with raw video,state-building
how the ghost map helped end a killer disease,urban planning
how technology evolves,philosophy
how to rebuild a broken state,investment
dreams from endangered cultures,photography
if i controlled the internet,poetry
is this our final century?,time
my wish: three actions for africa,philanthropy
the hidden world of shadow cities,third world
my wish: three unusual medical inventions,health care
global priorities bigger than climate change,future
the killer american diet that's sweeping the planet,obesity
my wish: manufactured landscapes and green education,pollution
why did i ski to the north pole?,personal growth
the surprising science of happiness,psychology
why we should invest in a free press,investment
how juries are fooled by statistics,culture
living beyond limits,personal growth
the accelerating power of technology,invention
invest in africa's own solutions,investment
why people believe weird things,faith
the paradox of choice,decision-making
the real future of space exploration,rocket science
the technology of storytelling,storytelling
a garden in my apartment,food
fly with the jetman,flight
a 12-year-old app developer,youth
how to defend earth from asteroids,science
how mobile phones can fight poverty,microfinance
"meet rezero, the dancing ballbot",design
meet the future of cancer research,cancer
a roadmap to end aging,biotech
science versus wonder?,time
experiments that hint of longer lives,genetics
open science now!,open-source
6 ways to save the internet,business
conception to birth -- visualized,visualizations
how games make kids smarter,gaming
being young and making an impact,youth
"augmented reality, techno-magic",entertainment
a map of the brain,science
"trust, morality -- and oxytocin?",morality
high-tech art (with a sense of humor),ted fellows
the right to understand,simplicity
crowdsourcing the news,social media
the line between life and not-life,biology
the shared experience of absurdity,tedx
a plane you can drive,transportation
a prosthetic arm that feels,prosthetics
ancient wonders captured in 3d,invention
the divided brain,brain
"fbi, here i am!",web
learning from a barefoot movement,women
the real reason for brains,neurology
dog-friendly dog training,brain
the strange tale of the norden bombsight,war
how photography connects us,photography
open-source cancer research,medical research
how economic inequality harms societies,inequality
freeing energy from the grid,energy
the dog song,piano
"great piano performances, recreated",piano
art made of storms,visualizations
how cyberattacks threaten real-world peace,terrorism
stories cut from paper,arts
close-up card magic with a twist,illusion
brain magic,illusion
"the next 5,000 days of the web",web
a computer that works like the brain,visualizations
a tour of modern architecture,humor
kids can teach themselves,education
the web as art,web
blindfold origami and cello,cello
the brain in love,literature
shedding light on dark matter,dark matter
a dig for humanity's origins,human origins
on humanity,literature
a family tree for humanity,genetics
the wonder of zulu wire art,art
animate characters by evolving them,gaming
the new era of positive psychology,psychology
my year of living biblically,writing
the math and magic of origami,origami
let's look for life in the outer solar system,extraterrestrial life
the story of a girl,photography
institutions vs. collaboration,society
"mother of pearl, if i had you",piano
a hero of the congo forest,biosphere
what happens when you lose everything,film
peace on earth,guitar
on technology and faith,christianity
clonie,piano
stephen hawking's zero g flight,space
"a performance with breath, music, passion",music
beware online filter bubbles,global issues
"one laptop per child, two years on",one laptop per child
surprising stats about child carseats,transportation
distant time and the hint of a multiverse,time
"the mothers who found forgiveness, friendship",terrorism
the transformative power of classical music,conducting
using nature to grow batteries,virus
a radical experiment in empathy,sociology
turning trash into toys for learning,toy
are we ready for neo-evolution?,evolution
3 things i learned while my plane crashed,business
architecture that senses and responds,design
the history of our world in 18 minutes,big bang
the antidote to apathy,politics
teaching with the world peace game,war
a song inspired by the ocean,entertainment
grow your own clothes,materials
on being wrong,culture
the security mirage,terrorism
a next-generation digital book,software
remaking my voice,speech
open-sourced blueprints for civilization,ted fellows
"transplant cells, not organs",business
google's driverless car,transportation
looking past limits,business
what it takes to do extreme astrophysics,universe
everyday compassion at google,culture
the invention that unlocked a locked-in artist,invention
"listen, learn ... then lead",iraq
don't insist on english!,culture
singing the primal mystery,music
the greatest ted talk ever sold,brand
hands-on science with squishy circuits,toy
it's time to question bio-engineering,deextinction
"a virtual choir 2,000 voices strong",online video
what teachers make,poetry
the genius puppetry behind war horse,theater
"cracking stuxnet, a 21st-century cyber weapon",iran
"rhythm is everything, everywhere",performance
human exoskeletons -- for war and healing,exoskeleton
"evolution's gift of play, from bonobo apes to humans",ted fellows
building a theater that remakes itself,theater
how i held my breath for 17 minutes,magic
embrace your inner girl,yesallwomen
your health depends on where you live,public health
growing up in the universe,biology
all things are moleeds,astronomy
10 young indian artists to watch,future
the uniqueness of humans,brain
an all-star set,performance
stories of haiti,poetry
what bernie madoff couldn't steal from me,money
how to live to be 100+,life
"making maps to fight disaster, build economies",map
growing new organs,medicine
exposing the invisible,photography
how we rescued the dancing bears,biosphere
really achieving your childhood dreams,life
"kids, take charge",society
the neurons that shaped civilization,neurology
the real danger lurking in the water,biodiversity
my message of peace from pakistan,violence
fusion is energy's future,alternative energy
a new way to fight corruption,asia
dragonflies that fly across oceans,biodiversity
what's the right thing to do?,government
claim your manspace,men
metaphorically speaking,writing
how to make a splash in social media,web
photographing the hidden story,third world
my solar-powered adventure,aircraft
the intricate economics of terrorism,corruption
optical illusions show how we see,consciousness
the art of the interview,art
the danger of a single story,writing
pop culture in the arab world,media
tribal leadership,society
how low-cost eye care can be world-class,public health
let's revive the golden rule,religion
wait it out,piano
how spectroscopy could reveal alien life,astronomy
designers -- think big!,product design
how the net aids dictatorships,web
the web as random acts of kindness,wikipedia
3 warp-speed architecture tales,green
the power of time off,happiness
a third way to think about aid,third world
a leap from the edge of space,sports
mapping the future of countries,state-building
time-lapse proof of extreme ice loss,global issues
how i harnessed the wind,poverty
photographs of secret sites,curiosity
how food shapes our cities,food
how we read each other's minds,brain
hypnotic south asian improv music,performance
the puzzle of motivation,work
how global crime networks work,writing
a demo of wireless electricity,engineering
adjustable liquid-filled eyeglasses,product design
how i swam the north pole,sports
"post-crash, investing in a better world",social change
a multimedia theatrical adventure,theater
"one seed at a time, protecting the future of food",biosphere
an inventory of the invisible,philosophy
the music of a war child,poetry
let my dataset change your mindset,presentation
two nerdy obsessions meet -- and it's magic,magic
how do you explain consciousness?,consciousness
what hallucination reveals about our minds,neurology
when people of muslim heritage challenge fundamentalism,terrorism
why the world needs charter cities,politics
what humans can learn from semi-intelligent slime,biology
sculptures that¡¯d be at home in the deep sea,ted fellows
why i love a country that once betrayed me,war
making sound visible through cymatics,visualizations
biomimicry in action,nature
the 1s and 0s behind cyber warfare,terrorism
a tool to fix one of the most dangerous moments in surgery,product design
a 30-year history of the future,prediction
want to innovate? become a now-ist,telecom
how to speak so that people want to listen,speech
what¡¯s wrong with your pa$$w0rd?,privacy
our unhealthy obsession with choice,social change
why we should trust scientists,history
why your worst deeds don¡¯t define you,prison
two poems about what dogs think (probably),poetry
which country does the most good for the world?,foreign policy
3 ways to speak english,race
the world's largest family reunion ¡¦ we're all invited!,entertainment
why truly innovative science demands a leap into the unknown,theater
how to make hard choices,choice
can prejudice ever be a good thing?,behavioral economics
"i¡¯m not your inspiration, thank you very much",motivation
what the gay rights movement learned from the civil rights movement,lgbt
the diy orchestra of the future,tedx
hackers: the internet's immune system,terrorism
the psychology of your future self,culture
"the secrets of nature's grossest creatures, channeled into robots",design
the hunt for unexpected genetic heroes,disease
what makes a word real?,culture
the loves and lies of fireflies,biology
the shocking move to criminalize nonviolent protest,terrorism
why people need poetry,language
reach into the computer and grab a pixel,interface design
is religion good or bad? (this is a trick question),atheism
a tale of two political systems,china
why we will rely on robots,work
get ready for hybrid thinking,cloud
is the obesity crisis hiding a bigger problem?,public health
how i started writing songs again,live music
the doubt essential to faith,faith
the astounding athletic power of quadcopters,robots
the family i lost in north korea. and the family i gained.,politics
"meet brck, internet access built for africa",ted fellows
photos from a storm chaser,photography
how we can predict the next financial crisis,economics
"how we'll resurrect the gastric brooding frog, the tasmanian tiger",animals
a saudi woman who dared to drive,islam
the surprising seeds of a big-data revolution in healthcare,tedx
anatomy of a new yorker cartoon,humor
"love, no matter what",mental health
the kill decision shouldn't belong to a robot,writing
why i brought pac-man to moma,museums
could we speak the language of dolphins?,animals
how to reduce poverty? fix homes,public health
"the violin, and my dark night of the soul",live music
how i made an impossible film,film
imagine a european democracy without borders,democracy
"how i named, shamed and jailed",journalism
architecture for the people by the people,open-source
violence against women?it's a men's issue,yesallwomen
how behavioral science can lower your energy bill,behavioral economics
how books can open your mind,library
what will future jobs look like?,work
the surprising need for strangeness,sociology
bring back the woolly mammoth!,deextinction
prepare for a good end of life,death
why google glass?,design
the why and how of effective altruism,social change
"hack a banana, make a keyboard!",toy
wiring a web for global good,europe
"a kinder, gentler philosophy of success",work
how to make filthy water drinkable,water
hold your breath for micro-sculpture,creativity
embrace the shake,disability
i believe we evolved from aquatic apes,evolution
art that looks back at you,software
skin color is an illusion,human origins
3 ways the brain creates meaning,visualizations
life lessons through tinkering,tedbooks
4 environmental 'heresies',sustainability
the invisible man,photography
playing with space and light,arts
exploring the mind of a killer,consciousness
a next-gen cure for killer infections,health care
teach statistics before calculus!,economics
the design genius of charles + ray eames,product design
escaping the khmer rouge,third world
17 words of architectural inspiration,architecture
"surgery's past, present and robotic future",health care
a better way to harvest bone marrow,health care
success is a continuous journey,productivity
how social media can make history,social media
an electrifying organ performance,piano
the psychology of time,brain
happiness and its surprises,happiness
new rules for rebuilding a broken nation,state-building
my trek to the south pole,global issues
how cults rewire the brain,faith
you are the future of philanthropy,philanthropy
eco-friendly drywall,invention
the world in 2200,community
life in biosphere 2,biosphere
learning from the gecko's tail,biomechanics
a plug for smart power outlets,energy
odes to vice and consequences,literature
a wide-angle view of fragile earth,environment
a university for the coming singularity,prediction
